agricultural_land%,forest_land%,land_area,trade_in_services%,control_of_corruption_estimate,access_to_electricity%,renewvable_energy_consumption%,CO2_emisions,other_greenhouse_emisions,population_density,inflation_annual%,real_interest_rate,research_and_development_expenditure%,central_goverment_debt%,tax_revenue%,expense%,goverment_effectiveness_estimate,individuals_using_internet%,military_expenditure%,GDP_current_US,political_stability_estimate,rule_of_law_estimate,regulatory_quality_estimate,government_expenditure_on_education%,government_health_expenditure%,birth_rate,death_rate,life_expectancy_at_birth,population,rural_population,voice_and_accountability_estimate,intentional_homicides,CO2_emisions_lag1,GDP_current_US_lag1,access_to_electricity%_lag1,agricultural_land%_lag1,birth_rate_lag1,central_goverment_debt%_lag1,control_of_corruption_estimate_lag1,death_rate_lag1,expense%_lag1,forest_land%_lag1,goverment_effectiveness_estimate_lag1,government_expenditure_on_education%_lag1,government_health_expenditure%_lag1,individuals_using_internet%_lag1,inflation_annual%_lag1,intentional_homicides_lag1,land_area_lag1,life_expectancy_at_birth_lag1,military_expenditure%_lag1,other_greenhouse_emisions_lag1,political_stability_estimate_lag1,population_lag1,population_density_lag1,real_interest_rate_lag1,regulatory_quality_estimate_lag1,renewvable_energy_consumption%_lag1,research_and_development_expenditure%_lag1,rule_of_law_estimate_lag1,rural_population_lag1,tax_revenue%_lag1,trade_in_services%_lag1,voice_and_accountability_estimate_lag1,CO2_emisions_lag2,GDP_current_US_lag2,access_to_electricity%_lag2,agricultural_land%_lag2,birth_rate_lag2,central_goverment_debt%_lag2,control_of_corruption_estimate_lag2,death_rate_lag2,expense%_lag2,forest_land%_lag2,goverment_effectiveness_estimate_lag2,government_expenditure_on_education%_lag2,government_health_expenditure%_lag2,individuals_using_internet%_lag2,inflation_annual%_lag2,intentional_homicides_lag2,land_area_lag2,life_expectancy_at_birth_lag2,military_expenditure%_lag2,other_greenhouse_emisions_lag2,political_stability_estimate_lag2,population_lag2,population_density_lag2,real_interest_rate_lag2,regulatory_quality_estimate_lag2,renewvable_energy_consumption%_lag2,research_and_development_expenditure%_lag2,rule_of_law_estimate_lag2,rural_population_lag2,tax_revenue%_lag2,trade_in_services%_lag2,voice_and_accountability_estimate_lag2,CO2_emisions_lag3,GDP_current_US_lag3,access_to_electricity%_lag3,agricultural_land%_lag3,birth_rate_lag3,central_goverment_debt%_lag3,control_of_corruption_estimate_lag3,death_rate_lag3,expense%_lag3,forest_land%_lag3,goverment_effectiveness_estimate_lag3,government_expenditure_on_education%_lag3,government_health_expenditure%_lag3,individuals_using_internet%_lag3,inflation_annual%_lag3,intentional_homicides_lag3,land_area_lag3,life_expectancy_at_birth_lag3,military_expenditure%_lag3,other_greenhouse_emisions_lag3,political_stability_estimate_lag3,population_lag3,population_density_lag3,real_interest_rate_lag3,regulatory_quality_estimate_lag3,renewvable_energy_consumption%_lag3,research_and_development_expenditure%_lag3,rule_of_law_estimate_lag3,rural_population_lag3,tax_revenue%_lag3,trade_in_services%_lag3,voice_and_accountability_estimate_lag3,CO2_emisions_lag4,GDP_current_US_lag4,access_to_electricity%_lag4,agricultural_land%_lag4,birth_rate_lag4,central_goverment_debt%_lag4,control_of_corruption_estimate_lag4,death_rate_lag4,expense%_lag4,forest_land%_lag4,goverment_effectiveness_estimate_lag4,government_expenditure_on_education%_lag4,government_health_expenditure%_lag4,individuals_using_internet%_lag4,inflation_annual%_lag4,intentional_homicides_lag4,land_area_lag4,life_expectancy_at_birth_lag4,military_expenditure%_lag4,other_greenhouse_emisions_lag4,political_stability_estimate_lag4,population_lag4,population_density_lag4,real_interest_rate_lag4,regulatory_quality_estimate_lag4,renewvable_energy_consumption%_lag4,research_and_development_expenditure%_lag4,rule_of_law_estimate_lag4,rural_population_lag4,tax_revenue%_lag4,trade_in_services%_lag4,voice_and_accountability_estimate_lag4
0.031221847565675063,-1.1152487949999488,0.5709302868441418,-0.5989395159669683,-0.582095153273493,0.411828413413366,-0.7064985660837211,-0.15728767635923996,-0.07113390343042303,-0.5567777333395405,0.37505048360919946,-2.7555842848667833,-0.5037828904447601,0.3939157996273745,-0.9230531958023759,-0.5631176944697647,-0.7523151288131563,1.2655198061242516,-0.9957228697150183,-0.13160297946315053,-0.12242466102360174,-0.70463613356835,-1.111155952268864,0.07143781104640631,0.9747520407337218,-0.3461322613592188,0.10496229307764098,0.14788200483578515,-0.09540277509320948,-0.224207189000346,0.34995987148881563,-0.16368217049781433,-0.16870591021304648,-0.16644664421737024,0.421427161104755,0.0254850483351658,-0.336577324143879,0.4294387827636211,-0.3300551631323649,-0.06381989564360749,-0.2814998729344888,-1.111169186046155,-0.5923234513163586,0.5108900050999907,1.1405654677558756,1.3000713875266234,0.3053471029191626,-0.11153660880302844,0.5709087496379975,0.257172843495853,-0.8916407912124134,-0.07629646118663864,-0.2000104051236615,-0.09547359840466803,-0.5615171735716901,-2.176320448539193,-0.9437756861293336,-0.7162017683236873,-0.46672393836416576,-0.7048643177649216,-0.22376865441303426,-1.0006566034746518,-0.5794591073744552,0.32181182154359234,-0.15736861694069942,-0.13219002438246247,0.4302312397356823,0.0006467951896277832,-0.2740689221546016,0.46119080477966,-0.27377537236444893,-0.38276628072781116,-0.6156693560841514,-1.1071451790452347,-0.4401677641138849,0.1629586592408396,0.9073709333511901,1.2019667147157846,0.3152973063273821,-0.13800929030348222,0.5706236704970733,0.4883545774251134,-0.9307032617775962,-0.06484161541160108,-0.22492199879239821,-0.0955617103900295,-0.5654069364583489,1.0539401927044743,-0.8750183112552876,-0.6626398869847937,-0.5329778370789074,-0.636728447499033,-0.2233122344437423,-1.019673458465732,-0.5224823753071252,0.30437838723621297,-0.1494008584081994,-0.08828780160684985,0.44192648673824325,-0.012306397063251005,-0.23953826244348353,0.4957093772474745,-0.2619853950189215,-0.36251056070158755,-0.5446612970944141,-1.1028312342298605,-0.27106796785230747,0.2227721548286015,0.8735912140864951,1.222350583789263,0.2355685758178332,-0.13188140843034696,0.5705963147880971,0.47996674541515083,-0.9178925139825728,-0.05931270284589563,-0.09091164724084265,-0.09567620586906789,-0.5684239793178544,-0.11899553923964913,-0.5867380447297378,-0.6629012244233554,-0.5077437137962982,-0.4204615170546428,-0.2228512659930937,-1.0938595683702061,-0.5304617852245708,0.26957760596908026,-0.1462229570011053,-0.020035675637214926,0.4493628271038783,0.013997243673575969,-0.13589924040226511,0.5310898850264383,-0.46361459918464837,-0.37000109495872135,-0.3957766566089272,-1.0983090160985114,-0.15623030884246694,0.6209895088639327,1.1662074801166127,1.2103260653532677,0.20554610017724684,-0.14889216943913763,0.5705743932440234,0.49118317251868293,-0.7978864891384787,-0.054844878180629615,0.07990628209163744,-0.09582604829287744,-0.5709270225070826,-0.8208785464626577,-0.5799346311090514,-0.6586964127610129,-0.4292631120194235,-0.4276922247439399,-0.2223860833135816,-0.9305845629597326,-0.5701673808502363,0.2620396003007047
0.8446595552774611,-1.0548696807977338,-0.39899975415583255,-0.15176628962869607,-0.12428378958234489,0.411828413413366,-0.6960511689593754,-0.2813786020274227,-0.2995217252359983,-0.1730042837876652,0.4555995495894365,-0.1202035697922149,-0.8552841462157171,0.2051313292745294,0.8107200770189421,-0.3643207178692186,-0.6358544081288466,0.9580313099305074,2.737959319251482,-0.3196559663687224,-1.0545533692605353,-0.3447484084158087,-0.25890421080372666,-1.23495820717538,-1.1665986308140694,-0.5568288035001026,1.521828090729838,-0.3423835005164308,-0.29883641831153446,-0.24610432691435102,-0.2519753702636839,-0.36536524517074387,-0.28329089500729077,-0.3211226585932747,0.421427161104755,0.842186404613862,-0.5244752001471066,0.36036513427653144,-0.17563127289898553,1.4138148240760406,-0.2143681857380544,-1.0526554472317573,-0.6465815616265486,-1.280959028896443,-0.8035790878153044,0.9793533611030962,-0.559936938787335,-0.40012742438874277,-0.3990010270028286,-0.2745545539830355,3.193914518576002,-0.3015527189227986,-0.9971751557916421,-0.29842299010300893,-0.16676465879224436,0.7328323509905994,-0.12763441857622812,-0.780361119314122,-0.8439394576110367,-0.3448108442718174,-0.24564033164627588,0.751663464381802,-0.2915135605318107,-0.2565608847038007,-0.28592603745241696,-0.32077317699608615,0.4302312397356823,0.8397708785973946,-0.4843999025380394,-0.12147265042442315,-0.3890193229238009,0.32665672475123536,-0.6402893879283349,-1.0504611581908891,-0.551569592572897,-1.3979999684976496,-1.226638499390898,0.7273247280203803,-0.563073793171066,-0.34805060401259796,-0.39919030020944707,0.226578087899636,3.036964524316047,-0.3041846560552402,-0.589602270948961,-0.2980243347272833,-0.16028800483260242,0.8749278633291542,-0.11051643848035517,-0.6800037711909758,-0.8768004400615242,-0.3891032678480123,-0.24516066173961365,0.7857322916207473,0.2613138185845296,-0.24853058783102785,-0.2884450012039103,-0.32077154813586567,0.43755683363281356,0.8371641468138221,-0.44574802279980424,0.20416657464068422,-0.5581405750215924,0.3439370881619879,-0.5973856293044081,-1.04801358440681,-0.47773084093398277,-1.6205010097582635,-1.283149771676277,0.8881590027508581,-0.40389572808140645,-0.42778775328734436,-0.39918896745794946,0.2097503015479986,2.40052509545556,-0.3067765115538476,-0.6042636204452712,-0.297632409309448,-0.15336329675391983,0.7229404818021004,0.012745598385538504,-0.6365948077707634,-0.8620591186312598,-0.39846074466472353,-0.24467218088866377,0.5527568648975282,0.2555343959453026,-0.4401943682121258,-0.29108214026478274,-0.31946829514774233,0.4358385395088185,0.8280834222899219,-0.4170285324820989,0.23275169879947272,-0.7754668565164323,0.2960881237183515,-0.5352861174030993,-1.045315241537581,-0.5551527954542894,-1.2877331223376065,-1.202249990905512,0.87192801015948,-0.6026988330756458,-0.3827198924484526,-0.39918327924319097,0.225592204438591,2.0754741889036388,-0.30939939067682753,-0.7969012163674579,-0.29724896512994514,-0.14634986444971454,1.0237561555285717,-0.11575213121541757,-0.5648763538966556,-0.8124506938986849,-0.39991122109844585,-0.24417637394035568,0.5289912735075087,0.23736625582904902,-0.8850179286116251
1.8025372621938844,-0.8977426116553385,-0.3625766108477935,-0.6047129324671465,-1.1296098852357006,0.3621988851187367,0.03437748956402714,-0.21738167981150522,-0.17403908699337423,5.506206247970451,0.16859535192256117,-0.3561923135940172,0.15549933427161455,0.3939157996273745,-1.5528841264503037,-1.9144494057180363,-1.0397849844749816,-0.4714669483700632,-0.44564662153269974,-0.16002286219019532,-1.3240478493735668,-0.8540970690661016,-1.3515068591744037,-1.8895695020976684,-1.6459113305828978,0.09948012323340073,-1.0402093474235798,-0.29287356899296313,0.48886082333273834,0.6367789649591202,-1.1464389843719822,-0.3586548830030389,-0.2222366339403532,-0.17135446661511522,0.23823146951124902,1.7393625805677628,0.10537648240742534,0.4294387827636211,-1.1389519684018128,-0.9929047194131647,-1.884870372210501,-0.8962533649142476,-1.1540495922847311,-1.9354991058783428,-1.6627871729647836,-0.5745364201002172,0.14311212896950518,-0.3661810536895473,-0.3625786446689074,-0.3038646148819792,-0.4009598683772264,-0.17567735427280406,-1.1614419305025983,0.4863474425071408,5.552955140464179,-0.1681422777554331,-1.3953865980676818,0.0800773001329418,0.1699552161365907,-0.785139884915652,0.6331385813519033,-1.616562814984649,-0.6283912197431308,-1.134347138299096,-0.2173086460132933,-0.17411552854673143,0.06500225641176667,1.7108814985728327,0.1226791513661403,0.46119080477966,-1.1475055315842067,-1.1809531734103458,-1.834639752757982,-0.8947758877773069,-1.1100438572244147,-2.0282213961274174,-1.6366637092121927,-0.6461355210924474,0.12689548801774683,-0.374341131302129,-0.3627715156126074,-0.14700321124430762,-0.402324636977357,-0.17142259090593734,-1.1652592406667697,0.4840568696139512,5.586560352435683,0.05055654766421631,-1.40705275476312,0.01585388837177001,0.1835495996940657,-0.8519434406799485,0.6296261894759518,-1.476131272163782,-0.6100129319442621,-1.1013303645559234,-0.21515308152992688,-0.1805988542962936,-0.1677447197161863,1.60969760479344,0.11968352753893707,0.4957093772474745,-1.0527032703674115,-1.1948901817538873,-1.8558195413782201,-0.893057394983166,-1.0942883610105572,-2.042306840254637,-1.5865528100831516,-0.6955061496149378,0.05592626583162438,-0.3804123191597431,-0.3627712601799503,-0.13894761077049148,-0.5048447816532075,-0.1692086814137154,-1.2033939068608843,0.48214994527411104,5.610612193375248,-0.2704742507016267,-1.3031873436626398,-0.004378302644536569,0.1973468504829528,-0.8442073643358506,0.6264153418203853,-1.4360609929301353,-0.61159577620149,-1.087302518364695,-0.22253551380147565,-0.1857743518397561,-0.09160867669851787,1.5752447589529155,0.11160266327878876,0.5310898850264383,-0.9871661210005801,-1.1299913292505137,-1.8005433198991203,-0.8910975375113223,-1.072402510718334,-1.883400556246284,-1.556314299551174,-0.7206610527959412,0.061918713348176765,-0.4044740655499914,-0.36276660877626077,-0.20414969409474187,-0.5373452997193993,-0.17476896927392685,-1.494360158506085,0.4799378518336239,5.624364379913193,-0.21023600790309788,-1.2688489929933924,0.09700488329709799,0.20796324061987975,-0.8613479469447239,0.622802585327681,-1.5153151317080347,-0.6325558873035814,-0.9421213855025499
-1.5026210792676955,2.151644463146563,-0.39553651132605144,-0.5710944412346837,1.2922733552561236,0.411828413413366,2.720358833224263,-0.2849400042661426,-0.30443452706490864,-0.5395640492151712,0.483960279597535,0.09997297900514165,0.15549933427161455,1.598092911259785,-0.5703170875137453,-0.8802616505836212,0.42737411015072224,1.2110036843209633,0.024313035183647275,-0.3240638451043115,0.8006140887753367,0.38413689630665676,-0.8592600320617071,1.691368302583307,-0.6268050714840019,-0.5075942634315637,-0.7615217756741223,-0.3757807324316712,-0.30835832451101114,-0.2510847659602758,-0.07320319885739157,-0.4137838405730615,-0.287719095710277,-0.32534469069828714,0.421427161104755,-1.4996089795734842,-0.5025350289970291,2.1360384341357546,1.3861894781298043,-0.7413997671190662,-0.44139733920673707,2.1439316951775433,-0.00030686555141534516,0.9989137043318738,-0.32277037870969644,1.0990757068012864,0.13342723659167863,-0.35034232138032917,-0.3955378565291902,-0.35519296543183826,0.01767068518782379,-0.3071943360650024,1.0367717787006125,-0.3081153936603162,-0.5438248020219267,0.5031196300206784,-0.758208823424704,2.735659204483609,0.1699552161365907,0.35750543725274214,-0.2506456962988808,-0.7745359119138533,-0.3391399388277077,-0.14445377643578447,-0.2897062509468769,-0.32550088401378474,0.4302312397356823,-1.4982718915174245,-0.4867356775713826,1.4219541510765674,1.3384087474081283,-0.7178671572247027,-1.0944080878185458,2.136345636341902,-0.046243821795191375,0.15146051187880777,-0.6575574914798961,0.9977212711630397,-0.3496933514751473,-0.47448976950556215,-0.39572747182152734,-0.3477694620185872,0.020713868143960375,-0.3093192158344228,1.0917387584026224,-0.3078938355173155,-0.5472648568604892,0.8129988558733328,-0.7723176941009734,2.4676343382846753,0.1835495996940657,0.36672373557058185,-0.2501870976890157,-0.4169092009186783,-0.3457500618114662,-0.22790694089048721,-0.2919035112821068,-0.3252521407163029,0.44024530376634236,-1.4973725982843067,-0.3928793501978114,1.698396564283527,1.3505996944044198,-0.6744396191853111,-0.8294638640323835,2.1287410077400426,-0.005380429819490083,1.0639287281785288,-0.6696213575963526,0.7204418920395458,-0.37291076445009463,-0.4755385376548587,-0.39572624150536095,-0.33975962435238355,0.010427839938539117,-0.3117222266755703,1.1093070778920453,-0.3076893208480545,-0.5498897674628828,1.206478635315634,-0.7852419572718806,2.445999720634605,0.1973468504829528,0.3364626979235659,-0.2497188119518535,-0.2141222030672091,-0.29326602539636915,-0.2567049905194398,-0.29446570878033457,-0.3237014165732637,0.34567662220841916,-1.499648081679486,-0.27581512653738227,1.7590284685949125,1.285420916962856,-0.6240067199309114,-0.9581147993382388,2.120776480728151,0.2869170432634101,1.4864608284321725,-0.6961193939357316,0.5018211827471049,-0.04298536583992069,-0.444007841948629,-0.3957192195568873,-0.3338440900279895,-0.007141717148379812,-0.31442319660330026,1.1251258426591018,-0.30749691259002515,-0.5520984360470489,-0.44836118121385277,-0.7361799519095383,2.4797773371946104,0.20796324061987975,0.42134312265506724,-0.24923907900895895,-0.7941981837225387,-0.33371513591107493,-0.283042191711168
-0.7169378314233396,1.4976950962362878,2.584213265693462,-0.5780310951649964,-0.6564374637736671,0.3853710652924104,0.9433010393821021,0.043415456920229,0.3655478190926205,-0.5147429822235644,0.6511440492741619,1.8334142294434217,0.22074246437447145,1.1545593522909223,-0.45418401525947383,0.3090822089921737,-0.8632402787124346,1.032851574744173,-0.47770002966978214,0.32927055853557446,-0.6092429769575901,-0.5274096688940145,-0.5419925853503587,1.0381410765460268,-0.031462551028458796,-0.4619983036914156,-0.11498059604457805,-0.23882278576172086,0.7015265333727737,-0.020486676454810556,-0.03442833354283057,1.5314406133923841,0.03257113994580604,0.28558797618332793,0.4070951360413248,-0.7203170685463054,-0.45437916616506424,1.6773369259869255,-0.58542292956857,-0.4395248243792361,0.8640671911049362,1.501972083819978,-0.8182722244676202,0.853279764315377,0.22713123305796007,1.1515220613122958,-0.24599830666585468,1.2862676848724346,2.584149665773899,-0.012050789053957785,-0.32212464149777215,0.3750208911868084,-0.6256804797356414,0.7045722016457364,-0.5185251588259641,2.6793204782938647,-0.514903702459576,1.0508170695704104,0.21851561294144556,-0.4502421585828086,-0.01812685696601956,-0.705244939068265,-0.5842362733315637,0.0027600849887175136,0.05388710531846472,0.4870444585504521,0.4208663940094279,-0.7246615611383408,-0.4019804120757828,1.5064524042452534,-0.5625109645760427,-0.7364456452440377,0.5135714138903884,1.5059903048760528,-0.5600481463259016,1.0021955207439537,-0.07631127996013158,0.9882658774917051,-0.18228889849534552,1.1425499234663268,2.583665722334874,0.2122477760069136,-0.26771112834050254,0.39159241225773994,-0.9227807134254092,0.7064616402237661,-0.5216968317226763,4.1510313978569995,-0.5105329544644328,0.9365738484045733,0.30804996366052223,-0.4353478784983526,-0.016014280865084256,-0.5342541600087959,-0.5802093612971327,0.016287851843229985,0.059303926869549405,0.5433825997248121,0.42823354129124036,-0.7289269189878366,-0.3551473514943145,1.3351718607429837,-0.626603384537559,-0.7597593835408154,0.5570193680632103,1.510473177290443,-0.8422232517410172,1.073988435966545,-0.07219581649928186,0.9655388411856236,-0.22981291150634908,1.6138541799536668,2.5835788180123695,0.21603440489374656,-0.19557101128278156,0.3943471058571867,-0.6138143364651323,0.7074960656491974,-0.5241840478103651,4.528802062273646,-0.6932911896977345,0.9081524782879985,0.2729584098595085,-0.501970523533842,-0.014067136163980429,-0.4962728610965435,-0.5856277890611796,0.09862049843100096,0.08403888507569666,0.6525789908139209,0.4403466353738382,-0.7365039206143994,-0.35723449458973416,1.2719058149585454,-0.7020433278471013,-0.7749914464768808,0.6141704484080511,1.5136405681893514,-0.6228853424794913,1.2228903595431517,-0.032877156298479066,0.9685360043408184,-0.2548631836019197,1.9630257238438906,2.5834995869148667,0.21470393953027267,-0.2624090823092153,0.4309967729613861,-0.6344716938364533,0.7083429362910332,-0.5262258442727786,5.773249641149507,-0.5084200538815744,0.8389973123065354,0.22549139187575992,-0.493484274250923,-0.01213257412091731,-0.5352344479860933,-0.6021525973113255,0.17816821552347656
-0.13048970917797217,-1.4929567694588204,0.04177758275176673,-0.01876470944891039,-1.624961358739738,-3.952711785256497,2.110853239289032,-0.28475702326709995,-0.2535332208386632,-0.5713904747624418,-0.9377099017226111,-0.16636625591954138,0.15549933427161455,0.3939157996273745,-0.019152219660011575,-0.03589937951513956,-1.9100429292173116,-1.2294724773402084,1.1214151403356893,-0.3204886453628059,-1.733255164817993,-1.5752822295460205,-1.715050179726647,-1.1536400307998402,-1.55264031405226,3.0030672252893145,1.3459437135780477,-3.20136232736572,-0.23079107601090063,-0.14198467868607717,-1.8408986518606894,-0.11453547036918553,-0.2873056915335721,-0.32192124811336037,-3.875684409608116,-0.13193330508616627,3.007779841317161,0.4294387827636211,-1.5445200352424189,1.3082448441007404,-0.04094510233233305,-1.4854804888079773,-1.9346697796875945,-1.2572605610712082,-1.4547707833129353,-1.3297939961908547,-0.04944630317079331,-0.12387946737345554,0.04176710092073893,-3.0477152427435996,1.3001124133305628,-0.2507680596102712,-1.5481516320399824,-0.23244790659853817,-0.5777109147889491,-0.17309987808516353,-1.6379794721879883,2.0835189519506967,0.1699552161365907,-1.545650766741614,-0.1453018941867941,-0.02943177850997099,-0.0031288782812492672,-1.8153503388624415,-0.2895867153670958,-0.32177415412126203,-3.858868102888764,-0.1338430403101151,3.001132584122875,0.46119080477966,-1.5316030721499312,1.257989448239003,-0.043703859233873106,-1.4781731341126054,-2.0129528482377643,-1.5391532003079746,-1.5538785094176413,-1.333002123168365,-0.964790555966592,-0.13304194082665025,0.04153428943527741,-2.9204151574526924,0.4627410285364654,-0.2553391662855526,-1.642693749083575,-0.234060848959182,-0.5831189896213201,-0.17309571120502124,-1.6127473671929742,2.0304985533940423,0.1835495996940657,-1.5159483508702136,-0.1484835319641158,-0.03669242037507186,0.014775746264224392,-1.8426450495194588,-0.2918197675612439,-0.32132456512893803,-3.750521726707423,-0.13530554849129775,2.9614295229174257,0.4957093772474745,-1.508237691246965,1.3408132148916998,-0.043526488472514675,-1.4704233267874498,-1.9268992353658803,-1.617965130673936,-1.5498334654191672,-1.2412434876864613,-0.1370737462291538,-0.1442902769141626,0.04152258493390825,-2.8958535719205227,0.612910705101809,-0.25857516653073587,-1.755383471195904,-0.23573529156338108,-0.587671659267962,-0.168610702617737,-1.605094393220877,2.0371721306894046,0.1973468504829528,-1.5156663051804344,-0.15168474390503747,-0.039193588794871365,0.03110547928594625,-1.8527184361428959,-0.29431684775967154,-0.32019168099782475,-3.567350588628913,-0.14026117327823934,2.957063605729907,0.5310898850264383,-1.557276874598963,1.4374245689058918,-0.04022038872628082,-1.4622854165321466,-1.85637134603038,-1.4633849700668695,-1.5087294916530258,-1.1600459722374998,-0.9547240954300041,-0.15246284258325307,0.041515726103564216,-2.8890028638924643,0.4893691986057675,-0.2629706411290035,-1.5307834122941895,-0.23742795648663442,-0.5917000079958773,-0.2129167708462835,-1.7101587926355275,2.017531476397161,0.20796324061987975,-1.4865522479695263,-0.1548392147744787,-0.03772671774519599,0.050349116868642976,-1.7384570344677153
-1.4612471501095117,-0.35297827517601893,-0.14290530282709127,-0.5215200274200804,0.7575824398743042,0.411828413413366,-0.03864314778379316,-0.21951910481409617,-0.23736272509067421,-0.5120322996094774,-0.01018647283683647,-0.6663623479646451,-0.6919280979718357,0.3939157996273745,0.41518662726204164,0.1690052503810645,0.30898887971088,1.3750928131583997,0.2696531319617484,-0.19956900431587887,0.06398128065576843,0.6727617616790112,0.6396021165760537,0.6912212846743505,0.4578779686109115,-0.5865059743035406,-0.4296842529762113,0.668468681268943,-0.2198506597949897,-0.23442583956221724,0.7239941503805987,-0.24566422887716552,-0.22275245876923871,-0.22095542170429805,0.421427161104755,-1.4328069762729088,-0.594346206732738,0.4294387827636211,0.8935660446989335,-0.5081798113566375,-0.2471196410278599,-0.36145866579277086,0.43220903484447143,0.7513968162891308,0.6311551076408827,1.3305742666573588,-0.27209438811771947,-0.1582716006135894,-0.14291192615269732,0.755443878777899,0.41276095607381585,-0.23975338755716205,-0.06779451278429399,-0.2197878026881416,-0.5163579804982988,-0.698106036048479,0.6583980051156488,0.026025244161548087,-0.7011982099318217,0.7043122304445152,-0.2341539879012134,-0.15330471481877248,-0.5336916846969285,0.75960396781787,-0.21788775065478286,-0.2056692518305293,0.4302312397356823,-1.4062720801508197,-0.5997426982321826,0.46119080477966,0.7689725427388977,-0.8142000580656984,-0.504750562328506,-0.36989015233737377,0.6013249495354757,0.7591014752686845,0.30705115956398865,1.3815335531782862,-0.37778169403294587,-0.2371016616821074,-0.1431264953777326,0.9199665455207737,0.1973901996029774,-0.23619063697301837,-0.1324491334222298,-0.22005982929247456,-0.5203817800823927,-0.6607436714037717,0.8959732914492295,-0.03189679319523069,-0.6891492311780486,0.702396451323908,-0.23394292191092614,0.07747358118874018,-0.48740991013206125,0.7437259928194923,-0.22275848969244286,-0.1921792400928508,0.44221847980359985,-1.3801503353349238,-0.5956888432291078,0.4957093772474745,0.7469069755832654,-0.8242611253935767,-0.5506842452540194,-0.3780924135808566,0.6443343333422346,0.6413043395812712,0.27690633499536704,1.4768394979158803,-0.4168755562573559,-0.21037632749712398,-0.1431327373535183,0.9176196317612253,0.20403592340924154,-0.24106180985996328,0.3640219474536359,-0.2207199846022796,-0.5241490005323498,-0.44750779997432555,1.0545681283351298,-0.018609642800856745,-0.6528948756170169,0.7219834812539727,-0.23380956718957524,0.178166837894168,-0.49732126590355025,0.7846656598514972,-0.222969601534366,-0.19411189728248113,0.4358385395088185,-1.3573289960803838,-0.5766234690628045,0.5310898850264383,0.7833344276813167,-0.8945632433387894,-0.5591286045260719,-0.38605154778393946,0.5405417809491799,0.6060280494556683,0.24686493779871552,1.494954657496088,-0.4323263024403087,-0.23379373376564674,-0.14313433905219744,0.9759177001459202,0.2430130583130494,-0.24195963742570176,0.35085609621112335,-0.22137640896851374,-0.5274471151617144,-0.9357219285101587,1.0829825447222008,-0.07050033595387784,-0.6620481314421245,0.7632929629940302,-0.2336635199799086,0.04327942885690954,-0.5003793052786737,0.7587425042624274
-0.20674487473399383,1.1691302941088981,-0.011836424654461775,-0.5379540564333469,-0.5268783459606512,0.41178450609672795,0.23032175690680856,-0.2265662041246785,-0.1909143244248495,-0.41659933387630593,-0.19044340953348793,-0.6007718903665455,-0.753343017816734,0.9456166113455408,-0.43277518669981674,0.6318703403137451,-0.3815535914938868,0.7569432945317184,1.5388641856477037,-0.1988030805487739,-1.2289524785595674,-0.6978388279750232,-0.18036284797328042,0.10109913352529576,0.7460379111253799,-0.31179315951002984,-0.3216359974296839,-0.2271044587739179,-0.06841017368015624,-0.17378304422272228,-0.20846310938410917,1.7282748950537907,-0.22722624868000862,-0.21436674120710505,0.40801318599662734,-0.14593469354856556,-0.301698077700166,1.3980928850860441,-0.4149371593043043,-0.7203547711109181,0.691872841406509,1.1758431569224694,-0.31194682116283207,0.5010468866276844,1.1030039664255398,0.7403335111019144,-0.35352530748188815,1.4389419295304313,-0.011845786349546226,0.0966109001323715,1.8003248296008072,-0.1882367737620946,-0.9168547028785797,-0.06899650555614129,-0.4202934761548256,0.49859300410653196,-0.14211895723501122,0.2272922493233229,-0.7526717848179603,-0.7101591130892085,-0.17333951185054833,-0.492293692265963,-0.56973018683874,-0.1533999934080892,-0.22799088833313771,-0.18636817617643128,0.40420912622586347,-0.1338229449836824,-0.2853028877911574,0.7463386992979946,-0.44295894667608654,-1.1358831376597374,0.2051353895419992,1.1825909380119144,-0.277820375887422,-0.025932485826962497,0.7758973931278633,0.6728930448599844,-0.2172080408780714,1.5468910446003794,-0.012073302050926106,0.41287214250502896,1.4432536547506456,-0.18829011886811853,-1.2228215372822986,-0.0703311299678976,-0.42417778089518726,0.3286839558594519,-0.027760342630268532,0.2385457033160548,-0.7121479842756862,-0.6007552661855944,-0.17312590580871576,-0.3546783955650288,-0.5159706971097812,-0.08806526235376799,-0.22862794169367712,-0.174782204357525,0.3722937872418018,-0.14944751006561394,-0.277489633232466,0.7471953527322646,-0.49234528847082865,-1.171000647734346,0.08392363629925456,1.1893527420646448,-0.44538367797311607,-0.07857757537421949,0.6447636732090458,0.7425816082556409,-0.29434109706973816,1.5806367788155862,-0.012083420764385528,0.44491541341998153,1.33605912112269,-0.19044542319361116,-1.0031685415883889,-0.07249101843965251,-0.42826035519378375,0.3026037709382339,-0.12512521283369807,0.20176050325610229,-0.7187862375072261,-0.5820537073711691,-0.1731825576091709,-0.394891653882568,-0.5271109360342012,-0.11937273961556756,-0.2325184487294321,-0.17719446942762643,0.3817413891285788,-0.18028579779250894,-0.2575417225521932,0.5903892645677996,-0.5784305214612182,-1.1951816026808764,-0.12377894695820993,1.196164653451229,-0.4409485091800784,-0.01749819379445449,0.6476535280427972,0.7838737128412702,-0.1329728438965015,1.532987854339203,-0.012088753433303538,0.4654096846977298,1.4596103457684477,-0.19578566766394756,-0.9672558206487007,-0.07476658036703322,-0.43213190391317896,0.40636867170957264,-0.08401173328668553,0.2842165989305416,-0.7737037362841622,-0.5528181519833205,-0.1732620769982274,-0.3504943341339256,-0.5339859447007667,-0.17614235931543942
-0.3636860647482803,1.5237553862608322,-0.3909093037396221,-0.18923095024800365,0.2851997522851864,0.411828413413366,0.3475771182491989,-0.28000696463381197,-0.29601677444058405,-0.1592801970472896,-0.5001038954352903,-0.3579419158889614,-0.7769598043719353,0.3939157996273745,-0.5064739816453492,0.11006979383478152,-0.08887383588821159,1.1070051586896135,0.024313035183647275,-0.2993909690232936,0.8737962001075353,0.20241688292858223,0.08390551843439757,1.2092302513128235,0.5313480158552004,-0.5768409953062524,-0.511507203778436,0.3870823544743175,-0.28766172917658167,-0.24665006359831548,0.8566938412759812,0.39790718632564437,-0.2831197028801031,-0.3004961204432576,0.41660622185229457,-0.38961738382056954,-0.5585668507033809,0.4294387827636211,0.46492238154748666,-1.058109707044968,0.29967551550450255,1.5030312059579887,-0.11109965469279698,1.4501822153410344,0.6951754738575961,1.1225895784409778,-0.6362936403195925,0.3615307475171678,-0.3909107456171523,0.7411462880954882,0.01767068518782379,-0.29899665666558123,0.7329320073383684,-0.28737479076679806,-0.15814924169719782,0.08974567441041148,0.13681047615964315,0.45228942539936823,-0.7068052559604919,0.2770548799499293,-0.24601912068013207,-0.7757984976726263,-0.24515845932152183,0.8973898219342353,-0.2845284395182958,-0.29870697645715,0.4166522134326133,-0.40098940287026047,-0.4894051347523465,0.46119080477966,0.43110089657501155,-1.1162725114171062,0.0575499807131947,1.482466993777708,0.055475518901755144,1.5503847889601503,0.5302147720563015,1.2464329874378839,-0.4545361595460633,0.34600301541857104,-0.3911008179671402,0.7924125812479288,0.020713868143960375,-0.30034897156182794,0.37285031620116016,-0.28714157647635896,-0.1578040442714861,0.10298780604086649,0.22142120631756196,0.3218923475057287,-0.6792679981655299,0.31177580627276885,-0.2453688008895626,-0.5903874798824166,-0.07435059177520001,0.8644916389595464,-0.28645139704788847,-0.2981012365491317,0.42823354129124036,-0.39545270820029416,-0.41777808190040977,0.4957093772474745,0.31099743685885234,-1.1829454147441167,-0.006909167863680506,1.4620034292746524,0.06691745638392012,1.5530448083748976,0.5597479580135303,1.0731822050915067,-0.44938827104556406,0.38012137277428987,-0.39109972451389835,0.8269888968414414,0.010427839938539117,-0.302544471887484,0.4095492399497368,-0.2869466393169386,-0.15790055346520637,0.560928337082235,0.1504862311550096,0.3121612026505867,-0.6502513400162412,0.25679719042736737,-0.2447051315261205,-0.6110091258700504,-0.11026304825794743,0.8833925326905974,-0.2887478461847494,-0.2962619054490571,0.4313304436437982,-0.4013880745807708,-0.38242800422611933,0.5310898850264383,0.24177746394777438,-1.2184879698658246,-0.3017300286799939,1.4416975646191275,-0.06583425498156431,1.7436052789320933,0.5225504152354772,1.1141843131402285,-0.5105229000323578,0.4192752892118737,-0.39109426659965163,0.8418128677941141,-0.007141717148379812,-0.30514299123022515,0.5628737990436266,-0.286775517077244,-0.1583153200962446,0.427999527755691,0.10835538471729686,0.32491479798128997,-0.5814507543930416,0.22381960152824895,-0.24402103181365245,-0.5887949749943516,-0.15048738537182318,0.8864838231874642
0.44510757689452796,0.749641233375305,-0.3921731903938411,-0.3779562159524246,-0.7450722289169832,0.31837082681844836,-0.4516487617632459,-0.2674412523839999,-0.2816084025064553,0.46844409627062183,0.6408739282142669,-0.577077138806486,0.15549933427161455,0.3939157996273745,-0.44421429127340356,-1.0313756685864799,-0.33323270867875987,1.1968185613017739,-0.976631849022501,-0.2877740400350314,0.20990980302338594,-0.3408082864811101,-0.3190840215426063,-0.5554106805938195,-0.6367180752552332,0.16895426637861358,-0.691237958959391,-0.2585974625536395,-0.25945801068729446,-0.23881099848835155,0.008591045045484979,0.326146757176672,-0.27078123189798786,-0.29367682020193575,0.421427161104755,0.44179485507593214,0.18717394100284243,0.4294387827636211,-0.8957614597101776,-0.7707247615566497,-0.6841476103062811,0.7385743832090816,-0.6218519946678353,-0.01950716735030769,-0.39897707680910494,1.181989457971384,-0.1566562058120026,0.16526159991062478,-0.3921746058654945,-0.17218380469696895,-0.8762649839591672,-0.28446289804579494,0.06999840775772168,-0.25935948147276056,0.47317295027227824,0.11558597280971096,-0.3663374227608292,-0.41518015580007195,0.1699552161365907,-0.39198183678917453,-0.23799742184468084,-0.7577623067828942,-0.46580571207185534,-0.05166287639522379,-0.27038514211454917,-0.28805417754311324,0.383407011104411,0.43852310546395307,0.22734411833642837,0.46119080477966,-0.97640620756612,-0.9311757233726216,-1.1623071157623024,0.7276020068183762,-0.6841689800918659,-0.35707899487086875,-0.6845985869321939,1.1937686489704562,-0.5020097644446848,0.21149955786608723,-0.392364553373652,-0.037610434320653495,-0.9405185868876068,-0.2845734557705606,-0.11772470613303627,-0.25927359533471755,0.476270702117315,0.6803632650225802,-0.39774979171861236,-0.4824895883456549,0.1835495996940657,-0.5315839282465734,-0.2371434152905274,-0.6014182603328821,-0.31565391677025634,-0.11500868664727555,-0.27248105997117644,-0.2876036502205239,0.3909403719249482,0.393756031917272,0.2622753831044781,0.4957093772474745,-0.9608472640092788,-0.9153826337252553,-1.147289815298688,0.6784100104885018,-0.7050373750602947,-0.45181241255696597,-0.6943422304874615,1.1206274188208576,-0.24508501773298708,0.24182194323959794,-0.39208447077756103,-0.046082527994440965,-0.9554195481134207,-0.28677186183496395,-0.08486928205569136,-0.2591930315096673,0.46000543658744447,0.453441202165882,-0.4030863900985119,-0.4287309909420859,0.1973468504829528,-0.5645389914817542,-0.23625480311462194,-0.6348073853483047,-0.3027178420320515,-0.1691160870298721,-0.27593780139710516,-0.2870330838038481,0.4493628271038783,0.38773129614431245,0.2735763861770928,0.5310898850264383,-0.9188166018452959,-0.9307050011473326,-1.0932408322802147,0.6679689735377979,-0.6916681012581531,-0.44503468678983177,-0.6087834647978323,0.9720780424415573,-0.2782902756631431,0.3647487562560138,-0.39207898482761677,-0.02842136804278542,-0.9803269801876441,-0.29030290470456,0.06826938274016334,-0.2591317956442502,0.4607384300068211,0.5987476654547539,-0.4075721969403688,-0.3802350508348382,0.20796324061987975,-0.6150637604382988,-0.23533419476026754,-0.6204382788645728,-0.30814162323507716,-0.1269123082866281
-1.0591006794298503,1.00537299509938,-0.32024768943602233,-0.56756075954333,-0.7490111992366796,0.411828413413366,-0.3759607038730394,-0.25695981044515553,-0.2602871303107885,-0.2974979963840147,-0.7790616932252812,-0.16636625591954138,0.15549933427161455,0.3939157996273745,-0.6944242047674675,0.31204127129299336,-0.5913296928733469,0.8712649151322622,0.5731302677870896,-0.2830442118908597,-0.4212326359668021,-0.5807337116433249,-1.2099433147015335,-0.5943558474378571,0.29771930967515164,-0.01468033456986295,-0.6769014590325053,-0.1040620254019837,-0.22786853092219983,-0.2002061151353461,-0.20156814588799166,0.614360984897868,-0.2618264415384823,-0.28520030393155893,0.3659863597014568,-1.0679089770712276,-0.008937434969388786,0.4294387827636211,-0.6575032771389787,-0.40019483183941834,0.35512263462515786,1.016654950781551,-0.8232722206066039,-0.30051269849922857,0.38912668183375987,0.772547630663804,-0.8032473309514668,0.08836816003765849,-0.32025060761830615,-0.2774140721195173,0.6843084725924119,-0.26456664984552763,-0.42588782364746636,-0.22794808240707065,-0.3003013935910398,-0.17309987808516353,-1.3565443178144805,-0.2653285209525496,0.1699552161365907,-0.7585128846752172,-0.20041818122420418,-0.7410175250214988,-0.6048718591446128,-0.3221029972520243,-0.2593870750457345,-0.2797284229908843,0.3876211916812256,-1.0862366684521008,0.010117040235500885,0.46119080477966,-0.6598593506011614,-1.3072180827269366,0.35437432238811145,1.0279471797449353,-0.7014880459258549,-0.22764764392713385,0.34261173602961886,0.4672526350200071,-0.7588996588544613,8.194781598223731e-05,-0.3204476596489842,0.49019907301526455,0.5095492271220636,-0.26202060543123745,-0.38382598479692126,-0.22821131051769517,-0.30360659836772963,-0.17309571120502124,-1.2526233326097922,-0.35920601048176237,0.1835495996940657,-0.7513187994309979,-0.20073595979016348,-0.5960715654281123,-0.5457993946169672,-0.2728520533379241,-0.26037257892707244,-0.2776181683710228,0.381617079583375,-1.0616538771436577,0.03149594917378727,0.4957093772474745,-0.7684107990561153,-1.307512270703153,0.40556947963780704,1.0392498732219981,-0.6312828620497367,0.04259450135588937,0.40253343086632254,0.5083677969340314,-0.8212773936559744,-0.09297898761092441,-0.3204486562154791,0.4932331858117292,0.668625343853876,-0.2634714154699885,-0.20483110986598616,-0.22889257508227848,-0.30829198940184266,-0.168610702617737,-1.3445394720853558,-0.41234338712571716,0.1973468504829528,-0.8574889081911408,-0.20131375712092217,-0.4445925232484737,-0.5551140448161029,-0.30039970783754216,-0.2634441383422412,-0.27552296223343214,0.4132980601837187,-1.0354381246867037,0.057647464529620406,0.5310898850264383,-0.7653371593078063,-1.3225221886044345,0.21943671427826494,1.0505944205639275,-0.6595591999357087,0.03722419226678082,0.2352023155666132,0.5549725842924547,-0.6802502857869243,-0.10303643968208541,-0.32044520973509577,0.5103410057117975,0.6467884629820494,-0.26574710495826287,-0.18852544112923988,-0.22955027613561058,-0.31270967977039765,-0.2129167708462835,-1.4837175194753405,-0.3725238131199596,0.20796324061987975,-0.896764690089687,-0.20186175590562125,-0.5194237005879858,-0.5670152565558078,-0.47579263670400973
0.7867233841270718,-0.17627448297863807,-0.40177536242168604,-0.24229446044240868,-0.7091284371308997,0.3080413040895367,-0.15289766101599916,-0.28072424029606996,-0.2983457969202848,0.8028214390591762,-0.19536898951226522,-0.16636625591954138,-0.8946266686050879,0.404678132325223,0.38533556254642537,0.020324892597515895,-0.6996130107661804,0.39148816118070556,-0.419598583565135,-0.3134781662868224,-0.229036103582394,-1.0965301309770554,-0.8125558864222573,-0.7080578326148312,0.3432573277705017,-0.10473519769753716,0.0021590984799739693,-0.5320739186314954,-0.2821750261062406,-0.2408127775131855,-0.37489011292835484,0.9570765157865987,-0.28357799847059495,-0.3160282497919594,0.40805107026962195,0.7823013399191053,-0.10446156474587998,0.6198891040497728,-0.7282325765330463,-0.08693489125911454,0.4518414257144038,-0.16471939384527862,-0.5998959908932638,-0.6168539096714153,0.78336371524149,0.19929338706212885,-0.8083821716923505,1.198068327803353,-0.40177657727901234,-0.43354376237145237,-0.2515206593510467,-0.30114087322148597,-0.2489978714550179,-0.2817988348122424,0.8212919947762378,-0.17309987808516353,-0.48637187938429144,-0.10712738152408033,-0.8965366810168954,-0.9919836472560827,-0.24013652381140535,0.19762222897875217,-0.34424799924751853,-0.2313505403430754,-0.284563125473385,-0.31501239033669287,0.30661527614912615,0.7782212375648746,-0.09243460646652438,0.025894190027140933,-0.6872739201056405,-0.4340291458181981,-0.37452746191241093,-0.15319404720407592,-0.8744027417872532,-0.8210869290774213,0.28873447258990026,0.1588467388258622,-0.7906141449782522,2.563666231783788,-0.4019655763217923,-0.18204862745720324,-0.46452913697209897,-0.3024645631514994,-0.25028107478348927,-0.28139389399533854,0.8397488367271988,-0.17309571120502124,-0.4188239706695544,-0.28757998813126145,-0.8811270670208022,-1.0713307357602457,-0.23941078787114226,0.13655186618151446,-0.19182458707611474,-0.18043541628819823,-0.2875249574345467,-0.31461739098412783,0.3023690946800038,0.7751799627814525,-0.09157179078354885,-0.016850985118019267,-0.7272509017790026,-0.6157396213087243,-0.36867560369255264,-0.14154311831988634,-0.8106070863663967,-0.671483839178578,0.2275959825672415,0.02413194644310712,-0.6213674238765428,3.803405457988012,-0.4019641614737262,-0.14062337166268893,-0.5261509377128971,-0.3053013716882508,-0.5348709805440554,-0.2809564566370066,0.8586123420660315,-0.168610702617737,-0.38954095466479083,-0.11564150750304028,-0.889248153881364,-1.120594111966443,-0.2386434019501575,0.13781005589030002,-0.22399882458017212,-0.27015529213047473,-0.29027111010408024,-0.3130960736921037,0.3051037594232392,0.7918800557020851,-0.05285797258791412,0.12863949012204118,-0.6778348155623242,-0.652041915240342,-0.34838535158805095,-0.12975574160402967,-0.6957382298038103,-0.5805677416329351,0.25249335872135337,-0.22384679164768054,-0.5966880486132262,4.683237683949396,-0.40195839424927465,-0.13206662387891863,-0.6171189822680176,-0.3080042141782806,-0.3940540144977717,-0.2805517848245983,0.8750734633329539,-0.2129167708462835,-0.5510244738587942,-0.03237254947475559,-0.8674034636216492,-1.0479041840512218,-0.23786493963222413,0.0800551689251911,-0.23927067618229084,-0.13195280233441034
-0.43270896147413895,0.914440497153072,0.26860941213957795,-0.6257505194111616,-0.6081325432769378,0.3729697326712685,-0.1814612893240506,0.1408013897169459,0.30553896753326215,0.0470592606036924,-0.5292296868448148,-0.407910137785394,-0.8008866101695284,-0.3669930015012635,-1.3139203255317462,-1.2452931295018959,0.04434155211340613,0.3635495673111631,-0.8879305124975544,0.1455442792554689,-0.7387445484227447,-0.480048238082575,-0.08495510611380225,-1.0426191966347782,-1.2039401535426761,-0.05925294359265104,0.4930968032933217,-0.9975844582219797,0.9825602494988692,0.7533825931556968,-0.14884862086518574,-0.11453547036918553,0.148139936742715,0.11269007478358412,0.27438851390470415,-0.42731487777131427,-0.05259274987313248,-0.40423902601160977,-0.6096365739385566,0.09315507458110418,-1.124365289907523,0.9499803261589357,0.017760241726578436,-0.734187307401927,-1.0214340338107497,0.16814005577413355,-0.4485806499482634,-0.12387946737345554,0.2632090972071481,-0.755668480446187,-0.7453671367990495,0.31840604219305413,-0.6447265805683962,0.9842298578853016,0.055981145217006825,0.7912395074869186,-0.1526485323860486,-0.18139402753355613,-0.7628075896857304,-0.5804048800669503,0.7563707944206484,-1.4080016194636693,-0.6276789677072553,-0.20070100041933125,0.1895930074943584,0.1594341878201102,0.37638337680972006,-0.4340027376371125,-0.03748827949168661,-0.7452610335571274,-0.6253976445452127,-0.4037530912681709,-1.283579164344083,0.9648044093803244,-0.16564598414710896,-1.2068045033153405,-1.2220957829449037,0.05967072947901463,-0.29910736419536305,-0.13304194082665025,0.26295441208162257,-0.47163443511112996,-0.9026854508621542,0.35942706566107385,-0.6825465562450236,0.9843074335581126,0.0578870645291242,0.5104284886565953,-0.3453041213086848,-0.2706502010302339,-0.7703564831834697,-0.5568088414995034,0.7580033279987417,-1.1497707759172426,-0.5595341882411495,-0.16656344284147764,0.1682835052954225,0.1465053864311294,0.37275995185888067,-0.44041554232935626,-0.021043665299977747,-0.7666895788670351,-0.45367154000920396,-0.4253059072672385,-1.2237015930706814,0.9796304950990686,-0.1532166158164862,-1.2701365199733485,-1.209626082439729,-0.11355225947872363,-0.30076270987234444,-0.1442902769141626,0.2629361576617861,-0.45022019649652834,-0.9309916364920217,0.3449058170990522,-0.7174389254037885,0.9833464146466022,0.05876702755317239,0.19155996801836048,-0.39571555021062915,-0.165666824416166,-0.8185102870202564,-0.5132010369423443,0.758666347787048,-1.0578696627614388,-0.5570786191893032,-0.12980735372832675,0.1337793748278423,0.1561799239671556,0.36551224401450694,-0.4611310528284699,0.006071052098050852,-0.7893085380407305,-0.45982513073163317,-0.4081694933920426,-1.2384600858241288,0.9944874909344936,-0.3163916958180159,-1.3138696175924194,-1.2125185275439896,-0.2764639383369706,-0.20396556752918543,-0.15246284258325307,0.26292299519345425,-0.45940370181883605,-0.7891966443660571,0.3132056713425113,-0.6620902803931266,0.9821390598281775,0.05919480546911568,0.14538285078992916,-0.3347929875221934,-0.03708497252273698,-0.8005851003018122,-0.5368880998308756,0.7590923031779645,-1.0881445354464623,-0.5881821911530606,-0.15599220473701592
-0.4368251221336072,0.9654960627778252,0.26430124693480295,-0.5885605678624305,-0.5943724648648767,0.32978249002372245,-0.1814612893240506,0.1408013897169459,0.30553896753326215,0.0403677825933058,-0.06535809433904362,-1.002961577012108,-0.8008866101695284,-0.6255044072851421,-1.2548794996061248,-1.2803861535003902,0.14122873004433473,0.5212879206085214,-0.9260454445669963,0.1981468041135852,-0.6320997703282377,-0.4149488244292783,-0.1761013014045901,-1.1029180521455115,-1.2039401535426761,-0.001103881719554649,-0.11407145214677643,-0.7245474394061643,0.9908273468338435,0.7445208721917972,-0.15758064831094676,-0.11453547036918553,0.14796605035537347,0.16552742599952686,0.38334174101031526,-0.43317116666219363,-0.07779581827117021,-0.34820951857875526,-0.6048192581226061,0.47300000253145,-1.2177832063051197,0.912107255078542,0.04980326675554986,-1.0428751570506727,-1.189303144314849,0.46647070683573205,-0.5052117516635632,-0.12387946737345554,0.2685941912021583,-0.9326726530944451,-0.8846260397656401,0.3162552384902074,-0.7235120429292642,0.9932649415959485,0.05526350908228132,-0.4267259111992318,-0.0735865009845839,-0.17403328007403704,-0.792993681758834,-0.4720643952937929,0.7481819588151476,-1.2830567811303684,-0.6323065157200537,-0.14645227023119925,0.15618209858947427,0.13335135517731284,0.2874173424103051,-0.4285233855152619,-0.06651862633466762,-0.39421533350400056,-0.6070564282321083,0.0865125647976105,-1.1024415978911994,0.9476323129289913,0.02333987591430167,-0.7475467722415158,-1.0118367328132403,0.2734187861888918,-0.4836544509298414,-0.13304194082665025,0.26295441208162257,-0.7142565473542527,-0.7493169160156861,0.3302673158117685,-0.6374578660795664,0.9952438477734866,0.06382648467740415,0.7226235621418662,-0.13958022797053785,-0.17341244947561435,-0.7595801122140133,-0.572365058544076,0.7513336725228312,-1.3724366364045184,-0.6300530194360525,-0.20098819592065673,0.19856689176419787,0.1813661716315883,0.3886095488395544,-0.4349456748659251,-0.05054921079777028,-0.7435068643505344,-0.6195141731836477,-0.41063090779809197,-1.2516968505174122,0.9624953080634734,-0.15583842615150015,-1.2083736419592042,-1.1978961406737503,0.16164959007755586,-0.3262770139958679,-0.1442902769141626,0.2629361576617861,-0.4250837831135365,-0.9215528234724749,0.3720208777771421,-0.6614764756356745,0.9955440608896686,0.06543831631469424,0.5430454860498282,-0.3400326254053784,-0.2639924473143787,-0.7663699474296237,-0.5456215772557714,0.7531077686761428,-1.1302544539263284,-0.5648157460710805,-0.1625777932492023,0.17760624182852242,0.16880562018084314,0.38219219871508103,-0.44475461044608144,-0.030692009173927406,-0.7607335161843095,-0.4547274106276906,-0.43620468870147294,-1.1945624610802665,0.9773910104268279,-0.1497444900745223,-1.255325187024972,-1.1916702562812604,-0.008267905276743847,-0.28969518878601735,-0.15246284258325307,0.26292299519345425,-0.4039975943106919,-0.9295854461419084,0.3585070065172804,-0.714491245858831,0.9946958933677763,0.06610164950534761,0.140537830505723,-0.38923377206972276,-0.15832276548444063,-0.8142707883366922,-0.5014358975199692,0.7539076605321251,-1.0358114693263725,-0.5617374708458875,-0.1237620014678815
-0.6978065081953168,-1.3165834777114638,0.17189093539493852,-0.01876470944891039,-1.2557396234427072,0.411828413413366,-1.1228384557411566,0.18889331015039815,0.23950499598973105,-0.37997565105437153,6.794585525435496,-0.16636625591954138,-0.21472238170556943,0.3939157996273745,-0.019152219660011575,-0.03589937951513956,-1.2893955394164942,0.9574363527963592,0.5227045153884722,-0.18270230589444172,-1.9586930867078636,-1.1974477356129982,-2.231137287206199,-0.807322464523079,-0.427693508032892,-0.36921450531744837,-0.7755086048710838,-0.07403381249573823,0.10376011050159208,-0.07554678463970475,-1.8947650359252743,-0.11453547036918553,0.1895147013843737,-0.22697611854864508,0.421427161104755,-0.6986578138685494,-0.32465087213409327,0.4294387827636211,-1.2420598688212163,-1.0788097031185562,-0.04094510233233305,-1.3146632455972336,-1.407626500257141,-0.9333273958389192,-0.5667344059191726,0.9459581333436633,4.0514798021505545,-0.12387946737345554,0.1718777351578438,0.10561838226228916,0.29795093437507325,0.2338007629480088,-2.054020650374405,0.10434022206816133,-0.38226723742132224,-0.17309987808516353,-2.0371395751285024,-1.1033551123139136,-0.20280705149115355,-1.1024268041976135,-0.07386987687681594,-0.02943177850997099,-0.0031288782812492672,-1.8936121925337202,0.2054365516806362,-0.2034753133304872,0.4302312397356823,-0.7004691436170976,-0.2368077490036488,0.46119080477966,-1.1996692150073864,-1.3213239717786538,-0.043703859233873106,-1.312594457293665,-0.9468173017675535,-0.912634595924373,-0.5228784563095736,0.9365083738460891,5.8340794415135075,-0.13304194082665025,0.1716320715791501,0.3207892472735743,0.33727821773185274,0.2516148827328452,-2.0513810827074903,0.10453287943662971,-0.3843868576032338,-0.17309571120502124,-1.9623133919565208,-1.0854504674053267,-0.17702463424126497,-0.9772659582432528,-0.07232143059234589,-0.03669242037507186,0.014775746264224392,-1.7913905451358076,0.2246753572740681,-0.17682692640150016,0.44221847980359985,-0.7032716855680217,-0.015339991077355761,0.4957093772474745,-1.1073212718076424,-1.3744029659578683,-0.043526488472514675,-1.3105093557893366,-0.7985647257821773,-0.6616132034777559,-0.26957960436595485,0.9572779352179924,1.952543430236317,-0.1442902769141626,0.171616518602513,0.3676907656377913,0.5623870886738207,0.2853062334989506,-1.603124469097357,0.10368689452993061,-0.3866657714302501,-0.168610702617737,-1.902775194912967,-1.0734538252965942,-0.1834347566179166,-0.9059141105524113,-0.07121116834792117,-0.039193588794871365,0.03110547928594625,-1.7103631766695298,0.22627163346501214,-0.09440733614757427,0.44665796958486625,-0.7222399307280151,0.1238209748191815,0.5310898850264383,-0.9675018170106214,-1.3833214073477778,-0.04022038872628082,-1.308150519515938,-0.5455328120761008,-0.7651768486358576,-0.1894486763096861,0.8470917524297157,0.3909406819284716,-0.15246284258325307,0.1716059560016541,0.37237704149375367,1.1104617334244655,0.2886842966373195,-1.1388605295833267,0.10201452535907723,-0.38919100457896577,-0.2129167708462835,-1.699303223101756,-1.0609659802205174,-0.19181118199818606,-0.8801122266304235,-0.0704347715738972,-0.03772671774519599,0.050349116868642976,-1.6631424891051512
0.3861232693163745,0.13196630679586768,0.28701600340250133,-0.5403655623826364,-1.1630765120048598,0.411828413413366,-0.6922723231909951,0.0465188381619666,0.09989531768567102,-0.3280977081680002,0.19373023594360989,-0.7176523130419414,-0.7446882303266958,-0.3491857278332134,-0.5965064186700306,-0.7379962890005598,-0.7011096333536303,0.8505077283354031,-0.9460062446323018,0.1955512043921303,-0.9205273585667471,-1.0363727146984842,-0.6869315227707227,-0.05496899963228436,-0.5952801110488989,-0.23754337968380382,0.26266379227338177,-0.610440230362431,0.28716113737023014,-0.047472904023612685,-0.3926837760912975,1.7854835769792043,0.008530275975890457,0.13826342696847227,0.39250152558999113,0.3833203679949284,-0.1745575987279223,-0.29425274877991076,-1.0598123646901176,0.21942505062999298,-0.6563457401216714,0.13479022100005325,-0.6095431242817864,0.055688097115823364,-0.37282006401810935,0.8006848795758214,-0.21695342997002726,1.8449251478466215,0.2870003979035563,-0.5662254039042341,-0.888463714789824,0.07187269918882119,-1.0196527855112145,0.2888733214248284,-0.32921408272173514,-0.6494822546522688,-0.4062813924373036,-0.6067793135523293,-0.7449876228475275,-0.8634583527064584,-0.0462654598839607,-0.5168342365739506,-0.566583074975685,-0.33537268811807347,0.06778593420579308,0.24027924913704388,0.41150154828317353,0.35288017282219936,-0.1709611385398755,-0.45580978879928696,-1.051680406100766,-0.6129331045229041,-0.8143063962028301,0.13763090222737787,-0.6369553666262763,-0.05752187940179607,-0.6453031256906253,0.8366860607353042,-0.19842398880484433,1.8377187749811794,0.28674336271635864,0.05106723828282739,-1.1017861158881777,0.12236511892854793,-1.0690639719113764,0.289704645703478,-0.33050171420407215,-0.21821741894023783,-0.3632782892533819,-0.6830424509270576,-0.7558388088737527,-0.8664144721814667,-0.04537780739678203,-0.6826281403680102,-0.5372882235958951,-0.2976091410131696,0.06828716697871628,0.24362068208032875,0.41891024894966716,0.3614051920125245,-0.09935949981828242,-0.3393002347232163,-1.0734550905727802,-0.6437245040173296,-0.7878510916874545,0.1406050705682005,-0.605310151954763,-0.21558544510920347,-0.6276021662201832,0.4786621118695929,-0.042059877016725464,1.855613960888886,0.2867244045859234,0.06326087022156951,-1.1674959893147596,0.12379669088108979,-0.8540960403680051,0.2898307566959991,-0.3317761667336688,-0.42341782173035725,-0.2792426950068878,-0.6784263227757048,-0.7248385463357628,-0.8364166904454258,-0.044762504398539994,-0.6821541805365365,-0.5366188859969676,-0.3106814657800537,0.09971110994669916,0.23912786281418436,0.4493628271038783,0.36678120805905357,-0.0557773921595125,-0.32338242878130474,-1.0756385001475637,-0.7337830871063926,-0.7685239488080229,0.14373119739389698,-0.3631848898210417,-0.02951322121613648,-0.5744311666424152,0.4568830408575874,0.10958100716015114,1.5896860685125143,0.28671056486689217,0.11974173039317759,-1.2006605601539282,0.1516682840001489,-0.9968428896958238,0.28945908503653944,-0.3331018762791328,-0.7790242842689699,-0.166372417791579,-0.6749756923813123,-0.6952648114718499,-0.7674905357560715,-0.044331808447138236,-0.671357809304872,-0.5393254443147953,-0.38706694631798544
1.5423459875016965,-1.18485381292646,0.14861414726298788,-0.16529551242951698,-0.7090380478230126,0.411828413413366,-1.0145856387293193,-0.26973817936141914,-0.27177270845608814,-0.6256515379445133,0.48501047375638473,-0.6271636099979646,-0.957247796500792,0.4785097864534847,-0.02750959084201931,0.2622880449260894,-0.8893155932385357,1.0658722473965598,-0.9922333551144736,-0.3190975748249518,0.6947972033988219,-0.4763987450942014,-0.689610472639168,-0.836300716843694,-0.7207868373147382,0.5079107650952757,-0.882507848227839,-0.4988231658036054,-0.2962032396945682,-0.24589408854672673,0.02692853270163098,-0.03701081243541149,-0.2720966511144123,-0.3208443640708146,0.39742692244954664,1.5377332799613326,0.5950360969978724,0.7533294871884547,-0.6485462792177549,-1.1105496970980586,0.3835540905115516,-1.1827208683429615,-0.7700824594211348,0.08195588639970192,-0.4370774364108078,0.592031253918743,-0.15430072911837145,-0.0412252379376911,0.14860136278579014,-0.27912978300140673,-0.8508894597883775,-0.2736375942197442,0.6999110507022765,-0.2960930827430476,-0.6311856782723606,1.2569463418661628,-0.5126017469238889,-0.9737180675044735,-0.9304172986745564,-0.4863829830406999,-0.24561246122541078,-0.4779037188685366,-0.17840489541172286,0.09745184913725409,-0.2724712999122834,-0.32051816156494617,0.3798135287756017,1.5547158760402062,0.6723648758795986,0.2924513812177257,-0.6082438315271641,-1.1056070831097102,-0.2986411845581571,-1.1805344548318748,-0.5606684548544346,-0.6333633826910621,-0.7404956751918664,0.17969797793059805,0.4111413142752822,-0.040981036872488594,0.14826890201506931,-0.28661733899122716,-0.9396506164307752,-0.27327613165525394,0.6064966542142654,-0.2960446690287141,-0.6357195492260926,0.15972741321119358,-0.37989641775513405,-0.9847399390094708,-0.9753141913534461,-0.46871969022016197,-0.2453365275514456,-0.053540534340222275,0.12461747403134756,0.03842254102671962,-0.2755841262836154,-0.32044477893405,0.3536472025586554,1.5522996570762908,0.7091363212383348,0.5237062482606372,-0.5959401712087063,-1.050870419521796,-0.5608118251163696,-1.1781582470138614,-0.5569797052040709,-0.3961202906189733,-0.8382158319844534,0.14183313567655084,0.25069462388703545,-0.0640013639308407,0.14825296588517714,-0.32998435248122143,-0.9225188634576779,-0.2772974387589421,0.8331133106417045,-0.296045021176949,-0.6392483398294995,0.6090136564588317,-0.36278568657842986,-0.9759907078624009,-0.9631049273061242,-0.47830964625460354,-0.2450700912255931,-0.08023010241264698,0.065330362893259,-0.04254561028105968,-0.2792497300258242,-0.31949037523585255,0.1617804848356736,1.5450579160354307,0.7308439924100228,0.604550631619673,-0.6227462946653924,-0.9435403917709274,-0.44481915994948446,-1.1755214143289532,-0.5826927384289109,-0.16849189830535613,-0.7084333627914365,-0.5819619329255098,-0.1347819739996297,-0.07304657083301554,0.14824321167572807,-0.4179180342567682,-0.8880958943507095,-0.28037033081290347,0.7700440416869566,-0.296055342969723,-0.6421591914308536,0.43426952344858794,-0.5025513865986224,-0.966289117165618,-0.9217495120178624,-0.5039480789059999,-0.24479064461338848,-0.5438842099349663,0.05144019086207969,0.014251883140961185
-0.673150879086646,1.3746237699788406,-0.382633335248352,-0.021933313019113082,-0.7883738030127011,0.13624753243274978,-0.10732922675023614,-0.2778326629717205,-0.29427611024504047,-0.36669107229204967,-0.302076304279635,-0.15165188141438238,-0.9182750202366678,0.3939157996273745,-1.370513890292334,-1.2095927008064467,-0.46888182146981977,0.4205482162861334,0.024313035183647275,-0.29480421825348174,0.2221118974975687,-0.5871919126243543,-0.26414984544088116,-0.457983187436183,0.358705600295301,0.1646334522386494,-1.1455301712766996,0.423204097414221,-0.2911866572393966,-0.24317386502430136,0.2710373233140298,0.3569893097918573,-0.2802377749074458,-0.29841865146198515,0.1924847356365625,-0.6769498065444755,0.06475903735523056,0.4294387827636211,-0.741733356903168,-0.9063097358386533,-1.0701168653431847,1.354404922028511,-0.1885230068012155,-0.8886652498658495,0.3812521574558189,0.6589456076979292,-0.49413572275564,0.49343666360340016,-0.3826306524061369,0.304497868654636,0.01767068518782379,-0.2966254110258392,0.23200095000536441,-0.29105437269474116,-0.35886864968555854,-0.0642008682114763,-0.19536851027085325,-0.10075539118598922,-0.9043116333006195,-0.48708997887651556,-0.24281564305281214,-1.543578361474515,-0.1463364100034854,0.2754914035255513,-0.28323759812787036,-0.30189140172543677,0.21184368329028155,-0.6825694109454172,0.07474014949133233,0.46119080477966,-0.7318268803197745,-1.0202836566505427,-0.8615750538302073,1.3594134825993043,-0.13811570744454948,-0.6547137344761812,0.8169594721875582,0.6918383341326421,-1.06097699574685,0.3926522372813235,-0.3828215426487633,0.3993931362693,0.020713868143960375,-0.2993563190874751,0.15237354445788223,-0.2909397765414459,-0.362137935799099,0.3495879183581244,-0.022485038516131314,0.10527789203360753,-0.8403168582232888,-0.496052633044434,-0.24244009780218487,-1.413194059184486,-0.18686147544076073,0.30828234675326066,-0.28244428843360286,-0.29478813230516854,0.1578580633856214,-0.6769213233022733,0.09401699353713988,0.4957093772474745,-0.7821646213230994,-1.2361849477019513,-1.2038069611098314,1.3644217277838637,-0.19626447470188163,-1.0317593603850757,0.34544487744423197,0.7249807997305345,-0.8411980117297648,0.35839245208497633,-0.3828206941081231,0.5932202523796274,0.010427839938539117,-0.2992970070516505,0.22753622158863407,-0.2908647732415218,-0.3653156345578387,0.2375216174864438,0.046092855354944326,-0.3010801822672133,-0.9428957655711508,-0.3932470727215294,-0.24207097239161857,-1.2962356188913076,0.02194821652471105,0.3327882443275708,-0.28729397299301357,-0.2930510391519131,0.16986088347264017,-0.6738742533411108,0.14609506488396828,0.5310898850264383,-0.7502800838647591,-1.2748961339221487,-1.2977505289726796,1.3694802180455377,-0.28257842085533985,-1.1456935292029375,0.24647255201628288,0.7677741887474513,-0.6319060767632364,0.21523246440381538,-0.3828154718976317,0.6331440947410473,-0.007141717148379812,-0.30386632021867754,0.17939328048237155,-0.29082710021444175,-0.3686516460755722,-0.5042252044769095,0.05560556930388403,-0.05593466471466255,-0.9415838472905229,-0.35025687984553194,-0.24170582139957628,-1.1301395431047299,0.06557295378979988,0.29310940285252696
-0.00984600049318409,0.45805255574209275,-0.2669058707113485,-0.5050548781245605,-1.168582211026354,0.411828413413366,1.509905619593956,-0.27987537597832807,-0.27451107664508545,-0.5561420657021606,0.03593478190592892,-0.24889404017998126,-0.9209827766694934,0.3939157996273745,-1.1986571923593619,-1.1306604650879837,-1.0395786270859324,0.9006324666115565,-0.7060842012383305,-0.3093127784278113,-0.12412538895124059,-0.80368945801161,-0.6542524920957725,-0.7897867060124449,-0.35849362950534847,0.4185381357791748,-0.3555540582323156,-0.6032627550824006,-0.2803324328768226,-0.2332242236769046,-0.30584014881246846,0.10185930999370767,-0.28264807167100786,-0.31167438258877017,0.406964343347373,-0.011681360378182775,0.43087861131601074,0.4294387827636211,-0.9985970896657932,-0.958404725957184,-0.949206388798588,0.49419456746437274,-0.9247614721062082,-0.42433006049216593,-0.0002695909116279666,0.8885439643111769,-0.47266391737484326,0.044569610490377554,-0.26690990334284675,-0.1302918639975019,-0.6097708591819482,-0.27565099281532546,-0.09893006497128469,-0.28024486721339387,-0.5611401001073917,0.9770074887140308,-0.5466271028462809,1.5513478968177066,-0.9032220142351362,-0.6461931624335754,-0.23300260507443413,-1.215964181088571,-0.5301849742608407,-0.2570283412846716,-0.2844131900748415,-0.3102149244488185,0.416183971146301,-0.013876570309935067,0.44868660959134155,0.46119080477966,-1.0288589376672101,-1.0584727709125086,-0.7650056704646945,0.5302267173614249,-0.9227085056948099,-0.7483921001886265,-0.3502169383196389,0.7972188285914064,-0.3445929618902442,0.13422826415187525,-0.26711222427186226,-0.03136752616936887,-0.6646292095222435,-0.27826048408352505,-0.13458966063444935,-0.2801930569748012,-0.5653325245813227,1.0460182282268606,-0.5279087305621225,1.479629326952917,-0.9238882690422535,-0.7763394334265374,-0.2327778578164611,-1.112121635634168,-0.4269352368335388,-0.25038629908358684,-0.28629422527303916,-0.3081720680450693,0.42357189512045346,-0.015805227564042974,0.470898236401139,0.4957093772474745,-0.998927072588636,-1.0829506509194655,-1.1105333307805543,0.5662121851829887,-0.9300821051553162,-0.8891118457514725,-0.46425761883195127,0.7732321894508221,-0.18254995854792308,0.060655786109788605,-0.26711479857550663,0.0008387769871417917,-0.6937095182613806,-0.2806489718589332,-0.1958525010161533,-0.280146914577558,-0.5686266940584146,1.3351434529859594,-0.4699728457465555,1.4381620859279256,-0.9106631281125285,-0.797888866939281,-0.23254132396231392,-1.0813456062375968,-0.45139371104678006,-0.2677750183147132,-0.28895826752677223,-0.3064556336814484,0.4178061560487384,-0.031836947073925315,0.48647776160216705,0.5310898850264383,-0.8839253910578603,-1.1289780089381245,-1.22435407897112,0.602170662121349,-1.1651536366517703,-1.0215623244995604,-0.4526678597820488,0.7419151424955195,-0.23294049385911686,0.12229630299407661,-0.267112870508502,0.0516556181816748,-0.7628281444187615,-0.2815496413669555,-0.10395585454674583,-0.28011781952774195,-0.5714204065554485,1.4252493196080058,-0.6365285980989541,1.4726040112124004,-0.9046219869786202,-0.8491772656591686,-0.23229938553335328,-1.076400727456635,-0.44130799654665803,-0.3405867341913984
-1.1672308939920568,1.3427754533627887,0.04922695719431552,-0.5612581213241741,-0.8064615083969506,0.1954003181409255,0.10228557087227425,-0.24567881203441733,-0.24529235915601777,-0.511450671327902,-0.054467506298146215,-0.4757123559124441,-0.9248832162628856,-0.6860901931898183,-0.1589785964132802,-0.537093602666898,-0.6494069280439688,0.6877800990208692,-0.4611723947143438,-0.236409425848892,-0.5346139525222042,-0.7597711947913066,-0.334913999796209,-0.3979223170713091,-0.32277818569627337,0.07685270181621984,-0.23316930275890255,-0.293459485342354,-0.15259260672686314,-0.19239393887358155,-0.12050225322449823,0.04262772621569934,-0.25240785076917754,-0.24264188112299226,0.23823146951124902,-1.1862018827744907,0.08062346880220946,-0.7111890872726871,-0.6771469338172429,-0.47160981829329807,-0.19138706832434943,1.34674312869935,-0.6352852386842833,-0.20721949282903096,0.07482556196018038,0.5785432406710999,-0.43579855630744574,-0.08302691577097071,0.049216319726496656,-0.06123450100145303,-0.33346819845001036,-0.25057111285736566,-0.5255605061862388,-0.15302445595664455,-0.5160606883535679,0.5706633201070579,0.12981777412526407,0.24091512521855232,-0.8864803345865025,-0.6036620063405006,-0.1924821088971647,-0.6308957568856636,-0.5921614071858166,-0.041421736788744196,-0.24562318007980583,-0.22750726252840717,0.2219271137277888,-1.2064532351743835,0.08842111754377181,-1.0209094981222495,-0.6599861626063587,-0.9311757233726216,-0.737402777106594,1.3507622124743806,-0.4455872922407513,-0.5130123049612337,-0.36994305259378063,0.49383030103017733,-0.428578331494701,0.034590900008730226,0.04898277242066842,0.3283091139103511,-0.4394091993229251,-0.24477033872565288,-0.29939638721083756,-0.15379324224866386,-0.5201974369426349,1.0819865324697893,0.19124511484801332,0.04927936546867044,-0.9015666047355643,-0.7288762086640981,-0.19269493478223204,-0.4126082518347583,-0.5247671619057447,-0.023070835655737653,-0.24874373577986017,-0.22542114613044,0.21845946360584623,-1.1972214876569547,0.07909969172412915,-1.0579953509735776,-0.7383915706494291,-0.9007076342561086,-0.7861646810024263,1.354791233858302,-0.637374001761899,-0.5954362967897647,-0.3897396865816738,0.4219240714369416,-0.5576691433193315,0.05249432722861205,0.04897084758270258,0.34171647180870174,-0.46974280230728926,-0.2479493116422701,-0.4090161229341476,-0.15526038439356762,-0.5241133950795356,1.090149751375607,0.11452174176482861,0.08618477107750146,-0.9338636740837618,-0.7626225248173543,-0.1931803028751411,-0.4438571718622356,-0.5388215835117688,-0.07335697891021314,-0.25034486833705805,-0.22497234839858243,0.21494184212283984,-1.2072568303854918,0.08716604019800292,-1.0982777829617245,-0.7045069602404126,-0.8830789464650469,-0.7445702245144121,1.3582845151343623,-0.5070962410132819,-0.4373612726277372,-0.4392216798175374,0.3654138574104997,-0.3182664028594185,0.06864700807780513,0.04896377670053716,0.359697036790397,-0.4052155326778048,-0.24905042179580786,-0.39370893870221274,-0.15665123551898932,-0.5275112549687572,1.1380106512820438,0.018741107122547635,0.07901199529571432,-0.9373253061470852,-0.7065366082744707,-0.19362707027546786,-0.5991415885166677,-0.5470004228429682,-0.005614513510205267
-2.1725258506014473,3.532832859034983,-0.35332577710495533,-0.1919827850819242,-0.5785661485526706,0.3539465612484396,-0.4633187266361854,-0.2840650837270167,-0.3030395518127655,-0.6172487060472145,9.548862703393928,-5.421189350549476,0.15549933427161455,0.3939157996273745,-0.019152219660011575,-0.03589937951513956,-1.0668368726205657,0.5016680551164746,0.024313035183647275,-0.32393951501924306,0.2805878979962842,-0.3512653473207886,-1.212051401947192,-0.5144053884288717,0.17365224169868512,0.13734409977571804,0.004257122859518269,-0.6015050060342301,-0.3091362596622115,-0.2531202552184681,0.08924997112221333,-0.07371817059266035,-0.28650484111683916,-0.32515639103600413,0.34445073208009946,-2.166677352110306,0.130804578201874,0.4294387827636211,-0.6161815988307249,-0.5720047992502016,-0.04094510233233305,3.529165152871714,-0.9391158417594493,0.5392084717266198,0.11842021663373863,0.4657998130429923,4.725652302117619,0.19182207151293165,-0.3533280042000265,-0.21907990213527756,0.01767068518782379,-0.305473477369809,0.3592446816804577,-0.3089041002460775,-0.622630802560108,-4.418486383739102,-1.2722629707048156,-0.5043880205333477,0.1699552161365907,-0.35111019290172024,-0.2527047972944513,-0.02943177850997099,-0.12247949136939505,0.13985276191811294,-0.28873486958401,-0.32494471237987366,0.3333126028093602,-2.1624377411459603,0.1292415669360093,0.46119080477966,-0.5742001587284218,-0.5685511609211598,-0.043703859233873106,3.5256505559979234,-0.9757400363835321,0.23325670499815915,0.9451760743890447,0.38234913073981036,6.200931919324464,-0.150960481508196,-0.3535217889052685,-0.22702594300168777,0.020713868143960375,-0.3078052379744891,-0.014962001003708342,-0.30869736747444665,-0.6270322970217249,0.6158730610851721,-1.147916032686591,-0.4846600738714277,0.1835495996940657,-0.29621283014933647,-0.25227302656056594,-0.03669242037507186,-0.07104029193822692,0.08186657389289814,-0.2913412424567633,-0.3246110554138331,0.3210156793631502,-2.1603887889609705,0.13229742245435053,0.4957093772474745,-0.39728520462365335,-0.6788762469317973,-0.043526488472514675,3.521966991993244,-1.0150589842169802,0.2543059595833183,0.23528369125258805,0.37758877161896426,5.617718173987046,-0.04711924262969707,-0.3535218070925293,-0.1409026651447235,0.010427839938539117,-0.31057728821621,-0.03334572539027415,-0.3085056258168064,-0.6304164576674042,0.469157679251654,-1.1055278504281587,-0.32652409345578587,0.1973468504829528,-0.290767720237789,-0.251830655974023,-0.039193588794871365,-0.15015963095329027,0.012530407560260543,-0.2935203704922594,-0.3232275542266445,0.2975237940964854,-2.161252189288304,0.14003997243917177,0.5310898850264383,-0.36484851985525996,-0.7145300011710006,-0.04022038872628082,3.518185758599598,-0.9656744218654522,0.6239727215467044,-0.41977252392207226,0.31207684372975725,2.3503116921987144,-0.07656060298243154,-0.35351741902050066,-0.11745705324244307,-0.007141717148379812,-0.3129170746370288,0.032394064325686624,-0.30832113859981325,-0.6331793527576701,-2.6046296655994947,-0.9739749881008294,-0.43764093160115736,0.20796324061987975,-0.363856766560711,-0.25137333264053785,-0.03772671774519599,-0.15899991488326595,0.15872953062488107
1.7209888201858432,-1.5193377123579532,-0.343430285958435,-0.01876470944891039,-1.9189759472086245,-0.13787280233448904,-1.1227273132185571,-0.26581180052353176,-0.2762101211203247,-0.08758193937883589,0.37505048360919946,-0.16636625591954138,0.15549933427161455,0.3939157996273745,-0.019152219660011575,-0.03589937951513956,-2.2401530313148834,-0.6404522886501809,0.024313035183647275,-0.3216036044202992,-3.204352983891817,-2.320973181971087,-2.2455952344788623,0.004806449830971217,-0.17380821754216447,0.35986602798387224,-1.2370739683708125,-0.33945391876948056,-0.2111908849365966,-0.1742197939716182,-2.374219207248992,-0.11453547036918553,-0.2689566556619796,-0.32173827219747136,-0.10754468998395263,1.7135329539360018,0.2873111324057602,0.4294387827636211,-1.843757731759559,-1.277874665359564,-0.04094510233233305,-1.5165373175829073,-2.1943487112913287,0.004303491052209114,-0.1539570528317017,-0.47091457004144627,0.3053471029191626,-0.12387946737345554,-0.343432719796032,-0.27927275890823156,0.01767068518782379,-0.2780071595443149,-3.2078043486072487,-0.21276900485637892,-0.09656573830759899,-0.17309987808516353,-2.486465509234886,-1.1011578742662962,0.1699552161365907,-2.2985245974417574,-0.17515213541950192,-0.02943177850997099,-0.0031288782812492672,-2.382535261084056,-0.26953966203763763,-0.3168716763006491,-0.07403910963925812,1.7066701346158206,0.18196334626004398,0.46119080477966,-1.8106959232639195,-1.2659325537950812,-0.043703859233873106,-1.5137745804611984,-2.158783392546101,0.003234025438696833,-0.13914256269552053,-0.4021391980767093,0.3152973063273821,-0.13304194082665025,-0.3436274819395784,-0.28661733899122716,0.020713868143960375,-0.2794191272682747,-3.2046504968574516,-0.2149703192712733,-0.10942540534004616,-0.17309571120502124,-2.332563131023298,-1.0858845645104813,0.1835495996940657,-2.2825672170910427,-0.17656495237730535,-0.03669242037507186,0.014775746264224392,-2.4405137420249763,-0.2700953792481273,-0.31667038400875075,-0.2104119841065152,1.7037985161215106,0.086009912416921,0.4957093772474745,-1.7411372353321695,-1.0880698367807957,-0.043526488472514675,-1.5107154219839591,-2.0728346166277407,-0.006302928800118133,-0.12194747181785315,-0.3303852492082774,0.2355685758178332,-0.1442902769141626,-0.3436277928143472,-0.4771720175127349,0.010427839938539117,-0.28155020970263983,-3.1659853824744797,-0.21765600854669248,-0.12522772666075854,-0.168610702617737,-2.301817039888043,-1.0786288580807106,0.1973468504829528,-2.2278822231982356,-0.1783571311449366,-0.039193588794871365,0.03110547928594625,-2.3858164612110597,-0.274069249883679,-0.31717446479854006,-0.017985134464456883,1.695780342523448,0.11949590878718415,0.5310898850264383,-1.6763352340262037,-0.9303672277098695,-0.04022038872628082,-1.50737051930669,-2.155085519804177,-0.006106286896940057,-0.11125582840988844,-0.26355899950593253,0.20554610017724684,-0.15246284258325307,-0.3436236864246178,-0.6599407327251872,-0.007141717148379812,-0.2843287084163415,-3.005399758481451,-0.21837021033588175,-0.13016303443939078,-0.2129167708462835,-2.390011716736575,-1.0571103613630781,0.20796324061987975,-2.243952806657829,-0.17855733107037194,-0.03772671774519599,0.050349116868642976,-2.3681702293661915
1.9599747365079225,-1.0444786608399494,-0.3465138972060477,-0.4006378653193582,1.3691489694240868,0.411828413413366,1.5231315797832874,-0.2810100628321678,-0.28285803992126707,-0.5433816264908989,0.5541887685199544,-1.594033708787533,-0.5744669753466269,-0.13474304147196828,0.18801354163016618,0.337320305961406,0.5335240160607394,1.37078834728026,0.43400150653136277,-0.3007987004939956,1.088762605069116,0.4782557250257601,0.39711030007101167,-0.09167198871637658,0.9665239475532221,-0.7360288846733528,1.2263563239440274,0.15462004285377293,-0.29583211249901376,-0.2536067984919,1.0789292374700838,0.19044664875111725,-0.2834710033911027,-0.3041147890363369,0.421427161104755,1.9499148424457111,-0.7625541855499985,0.24396144692546054,1.1422364054826692,0.25461504395509327,0.5142635800610649,-1.0490817338552183,0.4586622784837925,-0.0018457170341859461,1.1181395142728932,1.3284090994952231,0.7811384566705496,0.2572770834655095,-0.34651626661899226,0.6200456950154624,0.35992607389303066,-0.2851421572523364,1.0840278770189191,-0.29545068453983364,-0.5470127959767397,-0.6953995055347493,0.3688893833968709,1.5359672304843834,-0.5744609198659997,0.42681774521640603,-0.2531481771006016,0.21854118553408192,-0.3695794517914156,1.0977760366336213,-0.28544098969143245,-0.2997360782232858,0.4255488168725554,1.9618429083044033,-0.7146405843961654,-0.11215788131872015,0.9765873149828519,0.46255492415192545,0.2806325736021554,-1.0536761578496716,0.36808131134547345,0.06649982262212448,0.9967008364657983,1.3225335399649172,0.5077573378396191,0.3803112448103379,-0.3467107241753581,0.5201366552861995,0.22008395285060614,-0.2866688175569454,1.0496633978294847,-0.2951025939295468,-0.5498797378282493,-0.3817360639791852,0.29721337083544885,1.4470720440663256,-0.5920355828070499,0.3853617802837363,-0.2526714709413299,0.11086459447170195,-0.287314445517858,1.004566438993923,-0.2877679847990683,-0.2968384952328614,0.43289518746202665,1.975382992175,-0.6324336675479202,-0.20436367928613675,0.9848002123364016,0.3825016216506757,0.25744971650841714,-1.0579882415624045,0.225517990671994,0.03707185319207292,0.9959941798985955,1.329336411256358,0.36967115684652585,0.43587071672473754,-0.34671094384348755,0.5654305509173211,0.295781689454616,-0.288794068576259,1.0493215613501772,-0.2947697594886637,-0.5518844676237463,-0.11878679148087122,0.3115632101531854,1.506731270317468,-0.49430568356866383,0.358374790437908,-0.25218358580637057,0.1734664079406939,-0.30726540677075387,0.9593710710657283,-0.2904719516937941,-0.29413494550756336,0.4403466353738382,1.9755609024176315,-0.5280746028536332,-0.2806308992144486,1.022658798351374,0.31635452996613284,0.19217001050366583,-1.0620189785539396,0.12271497480174771,-0.09924710168675902,0.9458859717713526,1.0695615776913066,0.13438721002974183,0.10204651366156801,-0.34670674967653786,0.6003414738780156,0.12113696336833535,-0.2907806066349347,1.0554235798606417,-0.2944604532697159,-0.5534598967359082,0.33932993443576664,0.3389499858303478,1.5025921578813732,-0.564358243874749,0.34959101961586986,-0.25168249773808177,0.12806650235430275,-0.30628104036322806,0.9345491982641102
0.8174331429742446,-1.2205241205341433,-0.25137929714366497,-0.44841252667180304,-0.9775441482348018,0.40690959306626534,-1.1026105166280618,-0.19957743531486724,-0.18946112903377194,-0.2617429515308248,1.0971995564584371,0.2634001179777462,-0.9389630948243913,0.3939157996273745,-0.624119459378831,-1.0983657691159583,-0.6188265089392468,0.8852208193032016,1.8479679950714218,-0.29755024861188717,-0.41607232568370445,-1.1530599290803116,-1.0712393761968142,0.573236529702532,-0.8324978227708527,1.0181079505168327,-1.2779854437719247,-0.5153753026738773,-0.14691948882788786,-0.1056421581699777,-1.819022104720073,-0.4299287420586342,-0.19891116388237606,-0.301396116944272,0.421427161104755,0.8119840621034943,0.842003664559001,0.4294387827636211,-1.205539806145092,-1.2399246725579858,-0.7190613809982624,-1.221479713769516,-0.9792877679052181,0.2800566950114798,-0.45780576224448455,0.7867911212648531,1.2694396375737305,-0.44236382712653366,-0.251384728572193,-0.5379161743530579,1.8214410729690904,-0.18790239162483552,-0.6155432191647879,-0.14860376891572397,-0.26723214769868736,0.7564925644721899,-1.4983635483324513,-1.1033551123139136,-0.9241859846757661,-1.3277901349995889,-0.10890953044600768,-0.3758869027334803,-0.4944587337085894,-1.9534511191884125,-0.19743145067900894,-0.30050280841185184,0.43018408398785546,0.7936284597672005,0.7844820774800771,0.46119080477966,-1.176210138558532,-1.4149045040241925,-1.0847777188538057,-1.2223551598578237,-0.9474228361649957,1.2370637322716151,-0.8377243630836547,0.8638794112727258,1.6127173221413922,-0.4615294539110353,-0.25162260256354074,-0.35443802299837057,1.8410151508909285,-0.1858194887898193,-0.449947986735704,-0.15016159102789617,-0.2722871220311972,-0.07051852997161885,-1.5368359912036387,-1.0611410295166719,-0.9519481638027788,-1.2851737724301797,-0.1120474193770518,-0.7074423942061733,-0.3462916535848391,-2.0761372953954416,-0.20152673539196778,-0.30243456569510707,0.44185428869650717,0.786265048918734,0.6503446023282351,0.4957093772474745,-1.2011065870034985,-1.3795221518191985,-1.0938858447320223,-1.2230752216054084,-0.9427904843834036,0.19335233692109396,-0.962376384056254,0.4270727508251917,1.8780294693847794,-0.45257414531515733,-0.25161417620635473,-0.33696668953205183,1.8476455659906041,-0.18906827892140546,-0.4398640226053782,-0.15161395944017872,-0.2769871640591718,-1.755050087622242,-1.6206955408677224,-1.0523224414281187,-0.9372144739786998,-1.2860145567196481,-0.11508200676612289,-0.4729483324837978,-0.3186584691550315,-2.024677026804954,-0.20416696351535224,-0.29552041735600504,0.44810538093059343,0.7809408152925637,0.5013992394125585,0.5310898850264383,-1.299863365897916,-1.279287188609168,-1.2407303980358917,-1.2234857628898095,-0.9498178960822234,0.32843320051713965,-0.9144541326309098,0.3033892428950577,1.2097996856231286,-0.4331109112766617,-0.25161233136226335,-0.3113784295209537,1.7930440795361455,-0.19377905776136958,-0.37310899703859846,-0.1528220039755262,-0.2809799418516833,-1.3884170667392883,-1.783568703783883,-1.0279790188846476,-0.9052520223434016,-1.3042194102236029,-0.11788482004427835,-0.8264488568182461,-0.45529037523175964,-2.1869022797624718
-0.1584957839819233,0.8395441370397817,-0.29694368243591623,-0.5492379314653453,-0.4709455464684184,0.411828413413366,-0.13522599992269116,-0.05605749393443789,-0.04382976997439656,0.83225800090752,-0.48115251618540783,-0.06421067419032957,-0.6078432934691748,0.3939157996273745,-0.019152219660011575,-0.03589937951513956,-0.06803729636131604,0.7994962446486019,0.6041250301159456,-0.17990915969022397,-0.25990614121898653,-0.39783256338323986,-0.8581488655593691,-1.1120326375439253,-0.9332057996515201,-0.2203738287592094,-0.46779836253793133,-0.11167893794405677,0.14889708541567456,0.26579159463262386,-1.7241066326627297,-0.11453547036918553,-0.013030240466462183,-0.1826666462960421,0.41178528259983344,-0.1598484363062414,-0.1931223589318339,0.4294387827636211,-0.5324645161147338,-0.8711197425135533,-0.04094510233233305,0.8244484923574655,-0.11442552082338016,-0.9252672513624992,-0.9154741447677343,0.758304081664187,-0.24455971334503063,-0.12387946737345554,-0.29694708749946724,0.1836832273882577,0.5911605886746225,-0.006254170214941402,-0.16185033896644835,0.1489549443751739,0.8437151109499307,0.13523690948093384,-0.6543110843459707,-0.30883383429537875,-0.6043726973851871,-0.4074230182725285,0.26486665233375,-0.02943177850997099,-0.5325004159198778,-1.7877030719811475,-0.019613147871639255,-0.18144501105239796,0.4021367025569198,-0.15709672305042705,-0.17618882551926296,0.46119080477966,-0.6951361499766183,-0.6903434712701325,-0.043703859233873106,0.809466975575812,-0.28286414913913316,-1.0348904455493975,-0.9359458279377835,0.8023166090633271,-0.33815215077534583,-0.13304194082665025,-0.29714644140973384,0.03560185218078108,0.5994595965531828,-0.012091973438281575,-0.07010484969172616,0.1488176244354839,0.8518937636525541,-0.03239295110353932,-0.7895014709537779,-0.23244965577663346,-0.6036841846429103,-0.2628893294082537,0.2636576313215992,-0.03669242037507186,-0.44157076649797805,-1.8116525410757527,-0.06066606051732626,-0.18571380825406883,0.44221847980359985,-0.19906676822209085,-0.16429363712197498,0.4957093772474745,-0.6561431877212103,-0.7095913620997788,-0.043526488472514675,0.79462862755732,-0.31253635784509426,-0.8896924713809343,-0.8874587565346898,0.9448137638071026,-0.24885775159157605,-0.1442902769141626,-0.2971481272590176,0.057814647321921285,0.6026825448882308,-0.044807930088361904,-0.06184042850761727,0.1487572879337823,0.8581810124572169,-0.273757614479035,-0.7803407754118239,-0.05612863048570109,-0.5936393971603703,-0.23885337587132524,0.2624550290736113,-0.039193588794871365,-0.44040040352232146,-1.8595484399688864,-0.10406363331974955,-0.19164891429757266,0.4493628271038783,-0.19910148592501656,-0.14736066538705814,0.5310898850264383,-0.7674271513765927,-0.7466184777299874,-0.04022038872628082,0.7801694190975637,-0.3308713599120662,-0.7936078297533699,-0.8395179549115629,0.6378887707032005,-0.24448724691428303,-0.15246284258325307,-0.2971546542072635,0.09562215622918212,0.5572418166479989,-0.08044565503725239,0.1342433294978643,0.14860392476661355,0.8629241035156928,-0.47954862771917656,-0.8392716094981976,0.11885339015592082,-0.5895245048605544,-0.15507284420586112,0.2611026052077308,-0.03772671774519599,-0.44038701151458426,-1.78509270825361
-0.5395684400691019,1.5383102159855844,-0.14295615913338175,-0.5056958863609915,-0.9099259973654918,-2.2106349579506093,2.4678430218783762,-0.28026718574802634,-0.28315990711292666,-0.5121360414063979,3.053221169763407,-0.7290171611911118,0.15549933427161455,0.6186600912242922,-0.04865216088935501,-0.34862163428448717,-1.2402627019535613,-1.1083759170512482,-0.6563366821915777,-0.3163959456133801,-0.0623152149586436,-0.8367033819787382,-1.0432166757674401,-1.0016412953383254,-0.9419546045496154,1.997227175759764,-0.5880850936318002,-1.9272872256168159,-0.2199455200158876,-0.16286618910127243,-0.7091524740511874,-0.11453547036918553,-0.2826237264137901,-0.3188553938067009,-2.249177032498385,-0.5396836425435463,2.006857982080807,1.863396904830327,-0.8791519281348658,-0.7217347708491572,-0.32049551962835027,1.5481697494918112,-1.2021952698651006,-0.41493388877318627,-0.7647967826379672,-1.1021918910171264,1.7191339358371456,-0.12387946737345554,-0.1429627813964674,-1.6747176095116085,-0.4752273811005629,-0.28506923860777167,-0.2672131034276643,-0.2215640980070448,-0.5187480124589554,-1.5218655398626797,-1.1535427228184794,2.4478210202457,0.1699552161365907,-0.865076514397771,-0.16459167278212056,-0.11183547729706154,-0.49255530303176676,-0.7682374759987216,-0.2847988629713598,-0.31656422896672837,-2.2387497922467787,-0.5406253900253835,2.026002121393315,0.3340166068558641,-0.8181227932104875,-0.7367896913184699,-0.6227824286891276,1.5580625081623123,-1.0975568940734866,-0.09135918165194899,-0.8938345883956573,-1.0342631989229978,0.7187002502194643,-0.13304194082665025,-0.14317734559811363,-1.5676904684901538,-0.3911108583364902,-0.2866368440563407,-0.24661544520354026,-0.22322769435430295,-0.5247029414254063,-0.45311248343356914,-1.0512109010357569,2.4081630348785024,0.1835495996940657,-0.6835331272270548,-0.16633331484241992,-0.08024120577908425,-0.4342559924228042,-0.638594991886013,-0.2867027094362005,-0.314485505523625,-2.344078222005033,-0.5413837653908317,2.0477447868705365,0.2778952590852228,-0.8156200861304655,-0.6805826422189073,-0.7670534392615129,1.567920260949043,-0.9806921987700903,0.12576007145274706,-0.9399954697389622,-1.0185657903281506,0.35264309145668987,-0.1442902769141626,-0.14318358606967835,-1.566835537665389,-0.22709294928042514,-0.2891306264627447,-0.0060325003783943815,-0.22491617348248588,-0.529921456012319,-0.5014885279049354,-0.950135608247806,2.414087018465887,0.1973468504829528,-0.5569627936877583,-0.16807947609756788,-0.09558906336393662,-0.46101652961827516,-0.6575477312490857,-0.28988308848446726,-0.31267238201233605,-2.241970404313043,-0.545518800101029,2.0693438026624316,0.009264078597644183,-0.7100232459971055,-0.668255040238567,-0.6794246575514384,1.5777824785752719,-1.019751045110689,-0.5775031806536371,-1.013409092629373,-0.9899614872923804,0.18483444623893763,-0.15246284258325307,-0.14318518632069602,-1.5366527970518455,-0.3718473979652283,-0.29186945881045895,0.05711898857856971,-0.22661099861906622,-0.5346952170129896,-0.5628587784220982,-0.9291618071397574,2.40523537261745,0.20796324061987975,-0.5268291764986822,-0.16980721273555593,-0.30095128581771136,-0.4900257156878991,-0.6478691294625257
